situation_context,conversation_log,final_decision,total_score
"Elderly person detected falling, no movement detected for 10 seconds.","AI: Hello, this is your emergency assistant. I noticed you may have fallen. Are you able to respond?
Person: Yes... I'm here. I fell.
AI: I'm glad you can respond. Are you able to move at all?
Person: I can't get up. My hip... it really hurts badly.
AI: I understand. That sounds serious. Can you tell me if you hit your head when you fell?
Person: No, I don't think so. Just my hip.
AI: Thank you for letting me know. Based on your hip pain and inability to get up, I think we should call emergency services. Is that okay with you?
Person: Yes, please call. I need help.
AI: I'm calling emergency services now. Stay as comfortable as possible. Help is on the way. I'll stay with you until they arrive.",AI: Calling emergency services now.,6
Person seen attempting to get up but struggling.,"AI: Hello there, I noticed you might have fallen. Are you okay?
Person: I slipped... trying to get up but my knee is giving me trouble.
AI: I understand. Are you experiencing any severe pain right now?
Person: It hurts, but I don't think anything's broken. Just can't seem to stand properly.
AI: Do you have anyone nearby who could help you up safely?
Person: No, I'm alone right now.
AI: I see. Are you feeling any dizziness, nausea, or did you hit your head?
Person: No dizziness, just this knee pain. I've had bad knees for years.
AI: Based on what you're telling me, I think we should call for assistance to help you up safely. Would you like me to call emergency services?
Person: No, that's too much. Could you call my daughter instead? Her number is in my contacts.
AI: Of course. I'll call your daughter right away to come help you.",AI: Calling family member instead of emergency services.,6
Person appears unconscious.,"AI: Hello, this is your emergency assistant. Can you hear me?
Person: [No response]
AI: If you can hear me, please make any sound or movement to let me know you're conscious.
Person: [No response after 5 seconds]
AI: I'm detecting a possible emergency situation. I'm calling emergency services now. Help will be on the way shortly.",AI: Calling emergency services immediately.,6
Person fell but responds normally.,"AI: Hello, I noticed you might have fallen. Are you alright?
Person: Oh goodness, yes I did fall. Just a little slip.
AI: I'm glad you can respond. Are you feeling any pain right now?
Person: Just a bit sore on my elbow where I landed, but nothing serious.
AI: That's good to hear. Are you able to move around normally?
Person: Yes, I can get up. Just give me a second... There, I'm up now.
AI: Excellent. Do you feel any dizziness or disorientation?
Person: No, I'm fine. Just embarrassed I slipped on that rug again!
AI: No need to be embarrassed! These things happen. Is there anything else I can help you with?
Person: No, I'm truly fine. Thank you for checking on me.
AI: You're welcome. Maybe consider securing that rug so it doesn't slip in the future. I'm here if you need anything else.",AI: No emergency detected.,6
Person is disoriented after falling.,"AI: Hello, I noticed you may have fallen. Are you okay?
Person: What? I... where am I?
AI: You're at home. It looks like you might have fallen. Can you tell me your name?
Person: I'm... Martha. Why can't I remember what happened?
AI: That's okay, Martha. Sometimes falls can cause momentary confusion. Did you hit your head?
Person: I think so... My head hurts.
AI: I understand. Are you feeling dizzy or nauseated?
Person: Yes, the room is spinning a bit.
AI: Martha, based on your confusion and dizziness after hitting your head, I'm going to call emergency services. This could be serious, but try not to worry. Help will be here soon.
Person: Okay... thank you.
AI: I'm calling them now. Stay where you are and try not to move too much.",AI: Calling emergency services due to head injury with disorientation.,6
Person sat down suddenly but was detected as a fall.,"AI: Hello, I noticed a sudden movement. Are you alright?
Person: What? Oh! Yes, I'm fine. I just sat down quickly because my show was starting.
AI: I see! So you didn't actually fall?
Person: No, no fall. Just plopped down on the sofa a bit too enthusiastically for my favorite program!
AI: That's a relief! Sorry for the interruption. Enjoy your show!
Person: Thank you for checking, though. Better safe than sorry!
AI: Absolutely! That's what I'm here for. Let me know if you need anything else.","AI: False alarm confirmed, no emergency.",6
"Elderly person fell in bathroom, reporting chest pain.","AI: Hello, I detected a fall. Are you able to respond?
Person: Yes... I fell in the bathroom.
AI: I'm sorry to hear that. Are you injured?
Person: My chest... it's hurting. Started before I fell.
AI: I understand. This is important - is the pain sharp, squeezing, or pressure-like?
Person: It feels tight... like pressure. Going into my left arm too.
AI: Thank you for telling me. Those symptoms could indicate a heart issue. I'm going to call emergency services right away. Try to stay calm and don't attempt to get up.
Person: Okay... I'm scared.
AI: I understand you're scared, but you've done the right thing by telling me your symptoms. Help will be there soon. I'm calling emergency services now and will stay with you until they arrive.
Person: Thank you.
AI: Emergency services have been called. They're on their way. Stay as still as comfortable and take slow, deep breaths if you can.",AI: Calling emergency services immediately for potential cardiac event.,7
"Person fell while getting out of bed, minor bruising.","AI: Hello, I noticed a fall. Are you okay?
Person: Yes, just slipped getting out of bed. These new slippers are too smooth.
AI: I'm glad you're responding. Are you experiencing any pain?
Person: Just a small bruise on my hip, nothing serious.
AI: Are you able to stand up and move around?
Person: Yes, I'm up now. Walking fine.
AI: That's good to hear. Do you feel dizzy or lightheaded at all?
Person: No, I feel normal. Just a bit embarrassed!
AI: No need to be embarrassed! These things happen to everyone. Since you're moving well and the pain is minor, this doesn't seem to be an emergency. Would you like me to make a note to tell your doctor about this fall at your next appointment?
Person: Yes, that would be helpful. And maybe I should get different slippers!
AI: I'll make that note. And yes, maybe some non-slip slippers would be a good idea! Is there anything else you need help with right now?","AI: No emergency detected, making note for doctor.",6
"Person fell and cannot move leg, severe pain.","AI: Hello, I noticed you may have fallen. Are you able to respond?
Person: Yes... I fell going down the stairs. My leg really hurts.
AI: I'm sorry to hear that. Can you describe where the pain is and how severe it is?
Person: It's my right leg, below the knee. The pain is terrible, maybe an 8 out of 10.
AI: That sounds very painful. Are you able to move your right leg at all?
Person: No, I can't move it. And it looks... wrong. Like it's bent where it shouldn't be.
AI: Thank you for that information. Based on what you're describing, it sounds like you may have a fracture. I'm going to call emergency services. Is that okay?
Person: Yes, please call. I can't get up.
AI: I'm calling emergency services now. Try not to move your leg. Help is on the way, and I'll stay connected with you until they arrive.
Person: Thank you.
AI: They're on their way. Is there anyone else in the house who could unlock the door for the paramedics?
Person: No, I'm alone, but the spare key is under the mat.
AI: That's helpful information. I'll make sure to tell the emergency responders about the key under the mat.",AI: Calling emergency services for suspected fracture.,6
"Person fell while gardening, scraped knee but otherwise fine.","AI: Hello, I noticed you may have fallen. Are you alright?
Person: Oh yes, just took a little tumble in the garden. These old knees aren't what they used to be!
AI: I understand. Did you hurt yourself when you fell?
Person: Just scraped my knee a bit. Nothing serious.
AI: Good to hear it's minor. Are you able to stand up and walk normally?
Person: Yes, I'm already back on my feet. Just came inside to clean up the scrape.
AI: That's great. Do you have what you need to clean and bandage the scrape?
Person: Yes, I've got my first aid kit right here.
AI: Perfect. Since you're moving well and the injury is minor, this doesn't appear to be an emergency. Would you like me to set a reminder to check how your knee is feeling later today?
Person: That would be nice, thank you. Maybe check in before dinner?
AI: I'll set a reminder to check on your knee at 5:00 PM. In the meantime, if you notice any unusual swelling or increased pain, just let me know.
Person: Will do. Back to the roses now!
AI: Enjoy your gardening! I'll check in later.","AI: No emergency detected, setting follow-up reminder.",6
"Elderly person detected falling, no movement detected for 20 seconds.","AI: Hello? I noticed a fall. Are you able to respond?
Person: I... I can't move my leg. It hurts so badly.
AI: I'm here to help. Can you tell me where exactly it hurts?
Person: My hip. I think something's broken. I can't get up.
AI: That sounds serious. Are you experiencing any other symptoms? Dizziness, nausea, or shortness of breath?
Person: I feel a bit dizzy. And my chest feels tight.
AI: I'm going to call emergency services right away. Try to stay calm and don't attempt to move. Help will be there soon.",AI: Calling emergency services now.,6
Person sat down suddenly but was detected as a fall.,"AI: Hello there, I noticed a sudden movement. Are you okay?
Person: Oh! Yes, I just sat down quickly because I was feeling a bit tired.
AI: I understand. Just checking in. Are you experiencing any pain or discomfort?
Person: No, no pain at all. I'm perfectly fine, just resting.
AI: That's good to hear! It sounds like this was just a false alarm. No need for any concern then.",AI: No emergency detected.,6
Person appears unconscious after falling down stairs.,"AI: Hello? Can you hear me? I detected a fall.
Person: [No response for 5 seconds]
AI: If you can hear me, please respond. I'm concerned about your safety.
Person: [Faint groaning]
AI: I hear that you're in distress. I'm calling emergency services immediately. Help is on the way. Please remain still if possible.",AI: Calling emergency services now.,6
Person seen attempting to get up but struggling.,"AI: Hello, I noticed you fell. Are you alright?
Person: I... I think so. Just having trouble getting back up.
AI: Take your time. Are you experiencing any pain?
Person: My wrist hurts where I tried to catch myself. And my knee.
AI: I understand. Can you move your fingers and toes normally?
Person: Yes, I can move everything. I just feel shaky and weak.
AI: Are you feeling dizzy, nauseous, or did you hit your head?
Person: No head injury, but I do feel a bit lightheaded. I haven't eaten today.
AI: That could explain the weakness. Given your pain and difficulty getting up, I think we should have someone check on you. Would you like me to call emergency services or perhaps a family member?
Person: Could you call my daughter? I don't think I need an ambulance.
AI: Of course, I'll contact your daughter right away.",AI: Contacting family member as requested.,6
Elderly person is disoriented after falling in the bathroom.,"AI: Hello? I noticed a fall. Are you okay?
Person: Who... who's there? Where am I?
AI: This is your home assistant. You appear to have fallen in the bathroom. Can you tell me your name?
Person: I'm... Margaret. My head hurts.
AI: Margaret, did you hit your head when you fell?
Person: I think so. The floor is wet. Everything's spinning.
AI: That sounds concerning. I'm going to call emergency services right away. Try to stay still and don't get up. Help will be there soon.",AI: Calling emergency services now.,7
"Person fell but responds normally, laughing it off.","AI: Hello, I noticed you might have fallen. Are you alright?
Person: Oh goodness, yes! I just tripped over my own feet. How embarrassing!
AI: No need to be embarrassed at all. It happens to everyone! Just want to make sure you're not hurt?
Person: Not a scratch. Just my pride! [laughing]
AI: That's a relief! Sometimes a good laugh is the best medicine. Let me know if you need anything else.",AI: No emergency detected.,6
Person fell and is experiencing chest pain.,"AI: Hello? I detected a fall. Are you okay?
Person: I don't feel well. My chest... it's tight.
AI: I'm concerned about that chest pain. Did it start before or after you fell?
Person: Before... I got dizzy and then fell.
AI: That's important information. Are you also experiencing shortness of breath, nausea, or pain in your left arm?
Person: Yes... hard to breathe. Arm hurts too.
AI: This sounds like it could be a cardiac event. I'm calling emergency services immediately. Try to remain as still and calm as possible. Help is on the way.",AI: Calling emergency services now.,7
Person slipped while getting out of bed but caught themselves.,"AI: Hello, I noticed a sudden movement. Are you alright?
Person: Yes, I'm fine. Just slipped a bit getting out of bed.
AI: Glad to hear you caught yourself. Any pain or discomfort?
Person: No, no pain. My socks were slippery on the hardwood.
AI: Those can be tricky! Would you like me to remind you to wear non-slip footwear in the morning?
Person: That might be helpful, yes.
AI: I'll set that up for you. In the meantime, everything seems okay - no need for any emergency assistance.",AI: No emergency detected.,6
Person fell from standing height and is complaining of severe back pain.,"AI: Hello? I detected a fall. Are you able to respond?
Person: Yes... I fell. My back... it really hurts.
AI: I'm sorry to hear that. Can you describe where in your back the pain is located?
Person: Lower back. It's sharp, like a knife.
AI: That sounds quite painful. Are you able to move your legs and feet normally?
Person: I think so, but I'm afraid to move much. The pain is really bad.
AI: I understand. Have you had any prior back problems or injuries?
Person: I have osteoporosis. Doctor said I'm at risk for fractures.
AI: Given your osteoporosis and the severe pain you're experiencing, I think we should have medical professionals evaluate you. I'm going to call emergency services to help.",AI: Calling emergency services now.,6
Person detected on floor but was actually doing floor exercises.,"AI: Hello? I noticed you're on the floor. Are you okay?
Person: Oh! Yes, I'm just doing my physical therapy exercises.
AI: I see! Sorry for the interruption. Those floor exercises are important.
Person: No problem at all. Better safe than sorry!
AI: Absolutely. I'm glad you're keeping up with your exercise routine. Carry on, and let me know if you actually do need anything.",AI: No emergency detected.,6
"Elderly person detected falling, no movement detected for 10 seconds.","AI: Hello? I noticed a fall. Are you able to respond?
Person: Yes... I'm here. Oh dear.
AI: I'm glad you're responding. Are you able to move?
Person: I think I hit my head. Everything's spinning.
AI: That could be serious. Are you experiencing any pain or bleeding?
Person: My head hurts... and I feel sick.
AI: Those symptoms suggest a possible concussion. I'm going to call emergency services for you right away. Try to stay still.
Person: Okay... I feel very dizzy.
AI: Help is on the way. I'll stay connected with you until they arrive.",AI: Calling emergency services now.,6
Person seen attempting to get up but struggling.,"AI: Hello, I noticed you might have fallen. Do you need assistance?
Person: Yes, I slipped. My hip doesn't feel right.
AI: I understand. Can you tell me how much pain you're in on a scale of 1-10?
Person: It's about an 8. I can't put weight on it.
AI: That's significant pain. Have you injured this hip before or had any hip replacements?
Person: Yes, I had a hip replacement on this side last year.
AI: Given your history and level of pain, I think we should have medical professionals check this out. I'm calling emergency services for you.
Person: Thank you, I think that's best.",AI: Calling emergency services now.,6
Person appears unconscious.,"AI: Hello? Can you hear me? Please respond if you can.
Person: [No response]
AI: I'm detecting a potential emergency. If you can hear me but can't respond, don't worry, I'm calling for help now.
Person: [No response]
AI: Emergency services have been contacted. Help is on the way. I'll stay connected.",AI: Calling emergency services now.,6
Person fell but responds normally.,"AI: Hello there, I noticed you might have taken a fall. Are you okay?
Person: Yes, I just lost my balance getting out of the chair. I'm fine.
AI: I'm glad to hear that. Are you experiencing any pain or discomfort?
Person: No, not really. Just a bit embarrassed!
AI: No need to be embarrassed at all. These things happen! Just to be sure, are you able to move normally?
Person: Yes, I can move fine. I'm already back in my chair.
AI: That's great news. Would you like me to check in with you again in a little while?
Person: No need, but thank you for your concern.",AI: No emergency detected.,6
Person is disoriented after falling.,"AI: Hello? I noticed you fell. Are you able to respond?
Person: What? Who's there?
AI: This is your home assistant. I noticed you fell. Are you hurt?
Person: I don't... I'm not sure where I am.
AI: It sounds like you might be disoriented. Can you tell me what day it is today?
Person: Tuesday? No... I don't know.
AI: I'm concerned about your confusion. Have you hit your head?
Person: Maybe... everything's fuzzy.
AI: Given your disorientation, I think it's best to have you checked out. I'm calling emergency services now.
Person: Okay... thank you.",AI: Calling emergency services now.,6
Person sat down suddenly but was detected as a fall.,"AI: Hello, I noticed a sudden movement. Are you alright?
Person: Oh! Yes, I just sat down quickly because the phone was ringing.
AI: I see! Sorry for the confusion. So you're not experiencing any pain or discomfort?
Person: Not at all. I'm perfectly fine, just moved too fast I guess!
AI: That happens! The system sometimes interprets quick movements as potential falls. Glad to hear you're okay.
Person: Thanks for checking though, it's nice to know someone's looking out for me.
AI: Always! That's what I'm here for. Enjoy the rest of your day!",AI: No emergency detected.,6
"Elderly person fell in bathroom, responding but in pain.","AI: Hello? I detected a fall. Are you able to respond?
Person: Yes... I slipped in the bathroom. The floor was wet.
AI: I understand. Are you able to get up safely?
Person: No, my back really hurts when I try to move.
AI: I'm sorry to hear that. Back pain after a fall can be serious. Is the pain sharp or dull?
Person: Sharp, especially when I try to move.
AI: That's concerning. Given the location of the fall and your back pain, I think we should have you checked out. I'm going to call emergency services for you.
Person: Okay, thank you. I think that's best.",AI: Calling emergency services now.,6
Person tripped over rug but caught themselves.,"AI: Hello, I noticed a potential fall. Are you okay?
Person: Oh, I just tripped over the edge of the rug, but I caught myself on the table.
AI: Good catch! Are you feeling any pain or did you strain anything?
Person: My wrist is a little sore from catching myself, but nothing serious.
AI: I understand. Is the pain mild enough that you can move your wrist normally?
Person: Yes, I can rotate it fine. It was just the impact.
AI: That's good to hear. Perhaps some ice might help with any swelling. Would you like me to check in with you again shortly?
Person: No need, but thanks for the suggestion about ice. I'll do that.",AI: No emergency detected.,6
Person fell from standing height and is experiencing chest pain.,"AI: Hello? I noticed you may have fallen. Are you able to respond?
Person: Yes... I fell. I'm having trouble breathing.
AI: I'm sorry to hear that. Breathing difficulties are serious. Are you also experiencing any chest pain?
Person: Yes, my chest hurts. It feels tight.
AI: Chest pain and difficulty breathing are emergency symptoms. I'm calling emergency services for you right away. Try to remain as still and calm as possible.
Person: Please hurry.
AI: Emergency services have been contacted. They're on their way. I'll stay connected with you.",AI: Calling emergency services now.,7
Person slipped from chair to floor while reaching for something.,"AI: Hello, I noticed you might have fallen. Are you alright?
Person: I was trying to reach my book and slid off the chair. How silly of me!
AI: These things happen! Are you experiencing any pain?
Person: Just my pride is hurt! I'm fine physically.
AI: That's good to hear! Are you able to get back up safely?
Person: Yes, I'm already up. No problems.
AI: Wonderful! Maybe keep that book a bit closer next time?
Person: Haha, definitely! Thanks for checking on me.
AI: Of course! That's what I'm here for. Let me know if you need anything else.",AI: No emergency detected.,6
"Elderly person detected falling, no movement detected for 10 seconds.","AI: Hello there, I noticed a fall. Are you able to respond?
Person: Yes... I'm here. Oh dear.
AI: I'm glad you can respond. Are you feeling any pain right now?
Person: My hip... it's excruciating. I can't move my left leg at all.
AI: I understand that must be very painful. Can you tell me if you hit your head during the fall?
Person: No, I don't think so. Just my hip when I slipped.
AI: I'm concerned about your hip pain and inability to move. I think we should get medical help. I'm going to call emergency services for you now, is that okay?
Person: Yes, please. I don't think I can get up.
AI: I'm calling them right now. Stay calm and try not to move. Help will be there soon.",AI: Calling emergency services now.,6
Person seen attempting to get up but struggling.,"AI: Hello, I noticed you fell. Are you alright?
Person: I... I think so. Just trying to get back up.
AI: Take your time. Are you experiencing any pain or dizziness?
Person: My wrist hurts quite a bit. I think I landed on it.
AI: I'm sorry to hear that. Can you move your fingers on that hand?
Person: Yes, but it really hurts when I try to put weight on it.
AI: That's concerning. Any other injuries or pain anywhere else?
Person: No, just the wrist. I think I might have sprained it.
AI: Based on what you're describing, you should have that wrist examined. Would you like me to call emergency services, or do you have someone who can take you to urgent care?
Person: My daughter is coming over in about 30 minutes. I can wait for her.
AI: That sounds good. Please keep your wrist still until then. If the pain worsens or you develop any new symptoms, let me know and we can reassess.","AI: No immediate emergency services needed, family assistance arranged.",6
Person appears unconscious after fall.,"AI: Hello? Can you hear me? Are you okay?
Person: [No response]
AI: I'm detecting that you may have fallen. If you can hear me, please respond.
Person: [No response after 5 seconds]
AI: I'm calling emergency services right now. Help is on the way.",AI: Calling emergency services immediately due to unresponsiveness.,6
Person fell but responds normally.,"AI: Hello there, I noticed you took a fall. Are you okay?
Person: Oh goodness, yes. Just a little slip on the rug.
AI: I'm glad to hear your voice sounds clear. Are you feeling any pain?
Person: No, no pain. Just a bit embarrassed, really!
AI: No need for embarrassment! These things happen. Can you move around normally?
Person: Yes, I'm already standing up. Everything's working fine.
AI: That's excellent. Any dizziness or feeling lightheaded before or after the fall?
Person: None at all. I just wasn't paying attention to where I was stepping.
AI: Wonderful! It sounds like you're doing well. Maybe just take it a bit slower today, and let me know if anything changes.","AI: No emergency detected, person is safe and mobile.",6
Person is disoriented after falling.,"AI: Hello, I noticed you fell. Are you alright?
Person: What? Who's there? Where am I?
AI: I'm your home assistant. You're in your living room. It looks like you might have fallen. Are you feeling confused?
Person: I... yes. What time is it? I don't remember getting up.
AI: It's 10:30 in the morning. Are you feeling any pain right now?
Person: My head hurts. I think I hit it on something.
AI: That's concerning. Are you able to tell me what day it is today?
Person: It's... Tuesday? No, wait. I'm not sure.
AI: I'm going to call emergency services right away. Confusion and head pain after a fall need immediate attention. Stay where you are, help is coming soon.",AI: Calling emergency services due to confusion and head injury.,7
Person sat down suddenly but was detected as a fall.,"AI: Hello there, I detected a possible fall. Are you okay?
Person: Fall? No, I just sat down quickly because my show was starting!
AI: Oh, I see! Sorry for the confusion. So you're feeling completely fine?
Person: Absolutely! Just eager to catch my program. False alarm!
AI: That's a relief! Enjoy your show then. Sorry for the interruption.","AI: No emergency, false detection confirmed.",6
"Elderly person fell in bathroom, responding but in pain.","AI: Hello, I detected a fall. Are you able to respond?
Person: Yes... I slipped in the bathroom. The floor was wet.
AI: I understand. Are you experiencing any pain right now?
Person: My back... and I think my arm might be broken. It's bent funny.
AI: That sounds serious. Can you move at all?
Person: I can wiggle a bit, but I'm afraid to move much. Everything hurts.
AI: I'm going to call emergency services right away. A possible broken arm needs medical attention. Try to stay still, help will be there soon.
Person: Thank you. I'm a bit scared.
AI: That's completely understandable. I'll stay connected with you until help arrives. You're not alone in this.",AI: Calling emergency services for possible fracture and back injury.,6
"Person fell while exercising, breathing heavily.","AI: Hello, I noticed you fell. Are you okay?
Person: Yes... just... out of breath. Was doing my exercises.
AI: I see. Is your breathing difficulty from exertion, or did the fall affect your breathing?
Person: Just... from the workout. Give me a minute.
AI: Take your time. Are you experiencing any pain from the fall?
Person: No, just embarrassed. I lost my balance during a yoga pose.
AI: No need to be embarrassed! That happens to everyone. Are you able to move normally?
Person: Yes, all good now. Breathing's back to normal too.
AI: Excellent! Maybe take a short break before continuing your exercises. Let me know if anything changes.","AI: No emergency, person recovering normally from exercise-related fall.",6
Person fell and is experiencing chest pain.,"AI: Hello, I noticed you fell. Are you alright?
Person: Not really... I'm having chest pain.
AI: I'm sorry to hear that. Did the chest pain start before or after you fell?
Person: Before... I think that's why I fell. It's tight, like pressure.
AI: This sounds serious. Are you also experiencing any shortness of breath, nausea, or pain in your arm or jaw?
Person: Yes, can't catch my breath. Left arm feels numb.
AI: I'm calling emergency services immediately. These symptoms could indicate a heart problem. Try to remain as calm as possible. Help is on the way.
Person: Please hurry.
AI: They're being contacted right now. If you have aspirin available and aren't allergic to it, emergency protocols often recommend taking one while waiting for help.",AI: Calling emergency services immediately for possible cardiac event.,7
Person tripped over pet but caught themselves before falling completely.,"AI: Hello there, I detected a possible fall. Are you okay?
Person: Oh! Yes, I just tripped over my cat. She's always underfoot!
AI: Cats do have that talent! Did you manage to catch yourself, or did you hit the ground?
Person: I caught myself on the counter. Startled us both, but no harm done.
AI: That's good reflexes! Are you feeling any strain or pain from the sudden movement?
Person: My wrist is a tiny bit sore from catching myself, but nothing serious.
AI: Keep an eye on that wrist. Maybe some gentle stretching would help. Any dizziness or other concerns?
Person: None at all. The cat got the worst of it - her dignity is wounded!
AI: Haha! Cats are experts at pretending nothing happened. Glad you're both okay. Let me know if that wrist bothers you later.","AI: No emergency, minor strain being monitored.",6
"Elderly person detected falling, no movement detected for 10 seconds.","AI: Hello? I noticed a fall. Are you able to respond?
Person: Yes... I'm here... I fell...
AI: I'm glad you can speak with me. Are you able to move at all?
Person: I tried but I can't get up. My hip really hurts.
AI: I understand. Can you tell me if you hit your head during the fall?
Person: No, I don't think so. Just my hip.
AI: Okay. Is the pain severe or can you move your leg at all?
Person: It's really bad. I can't move it without terrible pain.
AI: I'm going to call emergency services for you right away. This sounds like you may have injured your hip significantly.
Person: Yes, please call. I need help.",AI: Calling emergency services now.,6
Person seen attempting to get up but struggling.,"AI: Hello there, I noticed you fell. Are you okay?
Person: I... I slipped. Having trouble getting back up.
AI: I'm here to help. Are you experiencing any pain?
Person: My wrist hurts where I caught myself. And I feel a bit dizzy.
AI: I understand. The dizziness concerns me. Did you hit your head at all?
Person: I don't think so... no, I didn't hit my head.
AI: That's good. Have you been feeling dizzy before the fall as well?
Person: Yes, actually. My blood pressure medication was just changed yesterday.
AI: I see. I think we should have medical professionals check you out, especially with the new medication and continued dizziness. I'm going to call for help.
Person: Okay, thank you.",AI: Calling emergency services for medical evaluation.,6
Person appears unconscious after falling down stairs.,"AI: Hello? Can you hear me? I've detected a fall.
Person: [No response]
AI: If you can hear me, please respond. I'm concerned for your safety.
Person: [Faint groaning]
AI: I hear you're making sounds but not speaking. I'm calling emergency services immediately. Help is on the way. Please remain still if possible.",AI: Emergency services called immediately due to unresponsiveness.,6
Person fell but responds normally.,"AI: Hello, I noticed you may have fallen. Are you alright?
Person: Oh goodness, yes I did! Just a little slip on the rug.
AI: I'm glad you're talking with me. Are you experiencing any pain?
Person: No, no pain. Just a bit embarrassed, honestly!
AI: No need to be embarrassed at all. Can you move around normally?
Person: Yes, I'm already back on my feet. Just knocked over that vase, unfortunately.
AI: Accidents happen! Just to be thorough, any dizziness or discomfort at all?
Person: None whatsoever. I'm completely fine.
AI: That's great news. No need for emergency services then. Maybe consider securing that rug so it doesn't slip in the future?
Person: Good idea! Thank you for checking on me.",AI: No emergency services needed.,6
Person is disoriented after falling.,"AI: Hello there, I noticed you fell. Are you okay?
Person: What? Who's talking?
AI: This is your home assistant. I saw that you fell. Can you tell me if you're hurt?
Person: I... I'm not sure what happened. Where am I?
AI: You're in your home. Your confusion concerns me. Did you hit your head when you fell?
Person: Maybe? Everything's fuzzy... I don't remember falling.
AI: I understand. Based on your disorientation, I'm going to call emergency services right away. This could be serious.
Person: Yes... okay... I don't feel right.",AI: Calling emergency services due to disorientation and possible head injury.,7
Person sat down suddenly but was detected as a fall.,"AI: Hello, I noticed a sudden movement. Are you alright?
Person: Oh! Yes, I'm fine. I just sat down quickly because my show came on.
AI: I see! Sorry for the concern. So you just sat down fast, no fall occurred?
Person: That's right. Just plopped down to catch my program. False alarm!
AI: Thank you for clarifying. No need to worry then. Enjoy your show!
Person: Thank you, dear. Sorry to startle you!","AI: No emergency, false detection confirmed.",6
"Elderly person fell in bathroom, reporting chest pain.","AI: Hello? I detected a fall. Are you able to respond?
Person: Yes... I slipped in the bathroom...
AI: I'm here to help. Are you injured?
Person: My chest... it hurts. Started before I fell...
AI: I understand. The chest pain is very concerning. Did the pain cause you to fall?
Person: Yes... got dizzy... pain in my left arm too...
AI: I'm calling emergency services immediately. These symptoms could indicate a heart problem. Stay as still as comfortable and help will be there soon.
Person: Please hurry...",AI: Emergency services called urgently for possible cardiac event.,7
Person fell while gardening outside.,"AI: Hello? I noticed a fall. Are you okay?
Person: Yes, I just tripped over the garden hose. I'm fine.
AI: I'm glad you're responding. Did you hurt yourself at all?
Person: Just a scrape on my knee, nothing serious.
AI: Good to hear it's minor. Are you able to get up on your own?
Person: Yes, I'm already up and continuing with my gardening.
AI: Perfect. No dizziness or other concerns?
Person: None at all. Just a clumsy moment!
AI: These things happen! No need for emergency services then. Maybe coil that hose when you're done gardening?
Person: Definitely will! Thanks for checking.",AI: No emergency services needed.,5
Person fell from standing position and is now complaining of inability to move legs.,"AI: Hello? I detected that you fell. Are you able to respond?
Person: Yes... something's wrong. I can't move my legs.
AI: I understand, and I'm here to help. Did you hit your back or neck when you fell?
Person: I think so. I felt a snap in my back. Now I can't feel my legs at all.
AI: This is very serious. I'm calling emergency services right away. Please don't try to move at all - stay exactly as you are until help arrives.
Person: I'm scared. Will they come quickly?
AI: Yes, they'll prioritize this. I'm making the call now. Stay calm and keep talking with me until they arrive.",AI: Emergency services called urgently for possible spinal injury.,7
Person knocked over by large dog but laughing.,"AI: Hello, I noticed a fall. Are you okay?
Person: Haha! Yes, Rufus just got excited and knocked me over. You should have seen it!
AI: I'm glad you're laughing about it! Just to be sure, you're not hurt at all?
Person: Not a bit. Though Rufus might be hurt by how much his treat allowance is getting cut!
AI: That made me smile! So no need for any assistance then?
Person: Absolutely not. Just a playful dog moment. Sorry for the alarm.
AI: No apology needed! That's what I'm here for. Enjoy the rest of your day with Rufus!
Person: Will do! Though maybe with a little less excitement next time.","AI: No emergency services needed, confirmed benign incident.",6
"Elderly person detected falling, no movement detected for 10 seconds.","AI: Hello? I noticed a fall. Are you able to respond?
Person: Yes... I'm here. I can't move though.
AI: I'm glad you can speak with me. Can you tell me if you're experiencing any pain?
Person: My hip... it's really bad. I think I broke something.
AI: I understand. Are you able to move your legs at all?
Person: No, I can't move my right leg at all. The pain is terrible.
AI: I'm going to call emergency services for you right away. Try to stay as still as possible.
Person: Thank you... please hurry.",AI: Calling emergency services now.,6
Person seen attempting to get up but struggling.,"AI: Hello there, I noticed you fell. Do you need assistance?
Person: I... yes. I'm trying to get up but my arm hurts.
AI: I'm sorry to hear that. Can you describe the pain in your arm?
Person: It's sharp, near my wrist. I think I landed on it when I fell.
AI: I understand. Are you experiencing any dizziness or did you hit your head?
Person: No, just my arm. I didn't hit my head.
AI: Can you move your fingers on the injured arm?
Person: Yes, but it hurts when I try to put weight on my wrist.
AI: Based on what you're describing, you may have injured your wrist. I recommend calling emergency services to have it properly examined.
Person: Okay, yes please call them.",AI: Calling emergency services now.,5
Person appears unconscious.,"AI: Hello? Can you hear me? Please respond if you can.
Person: [No response after 5 seconds]
AI: I'm detecting a potential emergency. If you can hear me but cannot respond, help is on the way.
Person: [Faint groaning]
AI: I hear you. I'm calling emergency services immediately. Please try to remain still if possible.",AI: Calling emergency services now.,6
Person fell but responds normally.,"AI: Hello, I noticed you fell. Are you alright?
Person: Oh goodness, yes I'm fine. Just slipped on the rug.
AI: I'm glad to hear you're responsive. Are you experiencing any pain or discomfort?
Person: No, no pain. Just a bit embarrassed really!
AI: No need to be embarrassed! These things happen. Can you stand up on your own?
Person: Yes, I'm already up. Just catching my breath.
AI: That's great. Any dizziness or unusual sensations before you fell?
Person: No, it was purely the rug. I should tape that corner down.
AI: Sounds like a good idea! I'm happy to confirm you're okay, but please take it easy for the rest of the day.",AI: No emergency detected.,6
Person is disoriented after falling.,"AI: Hello? I noticed you fell. Are you okay?
Person: What? Who's talking? Where am I?
AI: I'm your home assistant. You appear to have fallen. Can you tell me your name?
Person: I'm... Martha. I don't know what happened.
AI: Martha, can you tell me what day it is today?
Person: Is it... Tuesday? No, Wednesday? I'm not sure.
AI: That's okay, Martha. Are you feeling any pain anywhere?
Person: My head hurts. I think I hit it on something.
AI: I understand. I'm concerned about your disorientation and head pain. I'm calling emergency services right away to help you.
Person: Yes... please. I don't feel right.",AI: Calling emergency services now.,6
Person sat down suddenly but was detected as a fall.,"AI: Hello, I detected a possible fall. Are you alright?
Person: Fall? No, I just sat down quickly because the phone was ringing!
AI: I see! My mistake. So you're not experiencing any problems or discomfort?
Person: Not at all. The phone startled me is all.
AI: That's a relief! Sorry for the false alarm. Enjoy your phone call!",AI: No emergency detected.,6
"Elderly person fell in bathroom, having chest pain.","AI: Hello? I detected a fall. Are you able to respond?
Person: Yes... I fell in the bathroom. I'm having trouble breathing.
AI: I understand. Can you tell me more about your breathing difficulty?
Person: It's tight in my chest. And I'm feeling pain down my left arm.
AI: This is concerning. How severe is the chest pain on a scale of 1 to 10?
Person: About an 8... it's really bad.
AI: I'm calling emergency services immediately. These symptoms require urgent medical attention. Try to remain as calm as possible and don't attempt to get up.
Person: Please hurry.",AI: Calling emergency services now.,6
Person tripped over dog but is laughing.,"AI: Hello, I noticed a fall. Are you okay?
Person: Haha! Yes, I'm fine. My silly dog ran right under my feet!
AI: Dogs can certainly be enthusiastic! Just to be sure, did you hurt yourself at all?
Person: Not at all. We're both perfectly fine, just a little startled.
AI: That's great to hear! Sounds like your dog might need some training on not being a tripping hazard!
Person: Absolutely! This isn't the first time, but we love him anyway.
AI: Glad everyone's okay. Enjoy the rest of your day with your four-legged friend!",AI: No emergency detected.,6
Person fell from stepladder while changing lightbulb.,"AI: Hello? I noticed you fell. Are you able to respond?
Person: Yes, I fell off the stepladder. I was changing the bulb in the ceiling light.
AI: I understand. Are you experiencing any pain?
Person: My ankle really hurts. I think I twisted it badly.
AI: Can you move your foot or put any weight on it?
Person: I tried to stand but it's too painful. I think it might be broken.
AI: What about any other injuries? Did you hit your head or hurt anything else?
Person: No, just my ankle. But I can't get up.
AI: Based on what you're describing, I think we should call emergency services to help you. You may have a fracture and shouldn't try to move.
Person: Yes, please call them. I can't walk to the phone.",AI: Calling emergency services now.,5
Person slipped on ice outside front door.,"AI: Hello? I detected that you fell. Are you alright?
Person: I slipped on the ice outside. My back hurts.
AI: I'm sorry to hear that. Can you rate your back pain from 1 to 10?
Person: About a 6... it's pretty bad.
AI: Are you able to move your legs normally?
Person: Yes, I can move them, but my lower back hurts when I try to sit up.
AI: Understood. Do you have any numbness or tingling in your limbs?
Person: No, nothing like that.
AI: Have you had back problems before, or does this feel different?
Person: I have arthritis, but this is sharper. I think I really wrenched it.
AI: Given the severity of your pain and the nature of your fall, I recommend calling emergency services to evaluate your back injury properly. Back injuries can be serious.
Person: Yes, I think that's best. I don't think I can get up safely.",AI: Calling emergency services now.,4
"Elderly person detected falling, no movement detected for 10 seconds.","AI: Hello? I noticed a fall. Are you able to respond?
Person: Yes... I'm here...
AI: I'm glad to hear your voice. Are you able to move at all?
Person: I tried but... my hip... something's wrong. It hurts so much.
AI: I understand that must be painful. Can you tell me if you hit your head during the fall?
Person: No, just my side. But I can't get up.
AI: Thank you for that information. Given your hip pain and inability to get up, I think we should call emergency services. Is that okay with you?
Person: Yes, please... I need help.
AI: I'm calling emergency services right now. Stay calm and try not to move. Help will be there soon.",AI: Calling emergency services now.,6
Person seen attempting to get up but struggling.,"AI: Hello there, I noticed you fell. Are you okay?
Person: I... I think so. Just trying to get back up.
AI: Take your time. Are you experiencing any pain?
Person: My wrist hurts where I landed on it. And I'm a bit dizzy.
AI: I understand. The dizziness concerns me. Did you hit your head when you fell?
Person: I don't think so... no, I didn't hit my head.
AI: That's good. Can you tell me if your wrist looks swollen or appears deformed?
Person: It's starting to swell a bit, but I can move my fingers.
AI: Given your dizziness and wrist injury, I think it would be best to have someone check you out. Would you like me to call emergency services?
Person: Maybe just my daughter instead? She lives nearby.
AI: That sounds like a good plan. Would you like me to help you contact her?",AI: No emergency services called; family member contacted instead.,6
Person appears unconscious after fall from chair.,"AI: Hello? Can you hear me? Please respond if you can.
Person: [No response]
AI: I'm detecting that you may have fallen and aren't responding. If you can hear me, please make any sound or movement.
Person: [No response after 5 seconds]
AI: Due to your lack of response, I'm calling emergency services right now. Help is on the way.",AI: Calling emergency services immediately due to unconsciousness.,6
Person fell but responds normally.,"AI: Hello there, I noticed you took a fall. Are you alright?
Person: Oh goodness, yes I'm fine. Just lost my balance for a moment.
AI: I'm glad to hear that. Are you experiencing any pain or discomfort?
Person: No, not at all. Just a little embarrassed!
AI: No need to be embarrassed at all. These things happen! Just to be sure, are you feeling dizzy or lightheaded?
Person: No, I feel completely normal. I just wasn't paying attention to where I was going.
AI: That's good to hear. Would you like to rest for a bit, or are you comfortable continuing with your day?
Person: I'm perfectly fine to continue. Thank you for checking on me!
AI: You're very welcome. I'm here if you need anything else. Have a wonderful day!",AI: No emergency detected; person is fine.,6
Person is disoriented after falling in bathroom.,"AI: Hello? I noticed you may have fallen. Are you okay?
Person: What? Who's talking?
AI: This is your home assistance system. I'm checking on you because I detected a fall. Can you tell me if you're hurt?
Person: I'm in the bathroom... I slipped. What day is it?
AI: It's Tuesday morning. I'm concerned that you seem disoriented. Did you hit your head when you fell?
Person: Maybe... everything's fuzzy. My head hurts.
AI: That's important information. Are you bleeding anywhere?
Person: I don't... I don't think so.
AI: Given your confusion and head pain, I'm going to call emergency services to check on you. Is that okay?
Person: Yes... yes please.
AI: I'm calling them right now. Try to stay still and remain calm. Help will be there soon.",AI: Calling emergency services due to disorientation and head injury.,6
Person sat down suddenly but was detected as a fall.,"AI: Hello there, I noticed a sudden movement. Are you alright?
Person: Oh! Yes, I just sat down quickly. My knees were tired.
AI: I see! Sorry for the confusion. So you didn't actually fall?
Person: No, no fall. Just these old knees giving me trouble.
AI: That's a relief! Thank you for clarifying. Is there anything you need assistance with?
Person: No, I'm just going to rest here for a bit with my book.
AI: Sounds perfect. Enjoy your reading! I'm here if you need anything.",AI: False alarm confirmed; no emergency.,6
Person fell and is experiencing chest pain.,"AI: Hello? I noticed you fell. Are you okay?
Person: I don't feel good... my chest hurts.
AI: I'm sorry to hear that. Is the chest pain severe?
Person: Yes... it's tight, like pressure.
AI: This sounds serious. Did the chest pain start before or after you fell?
Person: Before... I think that's why I fell.
AI: Thank you for that important information. Are you also experiencing shortness of breath or pain in your arm?
Person: Yes... hard to breathe... left arm feels strange.
AI: I'm calling emergency services right away. These symptoms could indicate a heart problem. Try to remain as calm as possible, help is on the way.
Person: Please hurry.
AI: They're being contacted right now. Stay on the line with me until they arrive.",AI: Calling emergency services immediately for potential cardiac event.,7
Person tripped on rug but caught themselves.,"AI: Hello there, I noticed a sudden movement. Are you alright?
Person: Yes, I just tripped on the corner of this darn rug, but I caught myself.
AI: I'm glad you caught yourself! That was quick thinking. Are you feeling steady now?
Person: Yes, I'm fine. Just need to get this rug taped down or something.
AI: That sounds like a good safety measure. No pain or discomfort from the near-fall?
Person: Not at all. Thanks for checking though!
AI: You're welcome! Let me know if you'd like suggestions for securing that rug. Have a good rest of your day!",AI: No emergency; person avoided fall.,6
Person fell and has severe leg pain with visible deformity.,"AI: Hello? I noticed you fell. Can you respond?
Person: Oh god, my leg! My leg!
AI: I'm here to help. Can you describe what's happening with your leg?
Person: It's twisted... it doesn't look right. It really hurts!
AI: That sounds serious. Can you see any bone or is there any bleeding?
Person: No bone, but it's swelling fast and looks bent wrong.
AI: Given what you're describing, I'm going to call emergency services right away. Try not to move your leg at all.
Person: Please hurry! The pain is terrible.
AI: I'm calling them now. Stay as still as possible. Help will be there soon. I'll stay connected with you until they arrive.",AI: Calling emergency services for likely fracture.,7
Person fell while getting out of bed and is confused about their location.,"AI: Hello? I noticed you may have fallen. Are you alright?
Person: Where am I? This isn't my house...
AI: You're in your bedroom. It seems you may have fallen while getting out of bed. Do you know what day it is today?
Person: Tuesday? No... Sunday?
AI: It's actually Friday morning. I'm concerned about your confusion. Did you hit your head when you fell?
Person: I don't remember falling... who are you?
AI: I'm your home assistance system. Your confusion is concerning. Are you feeling any pain anywhere?
Person: My head hurts a little.
AI: Given your confusion and head pain, I'm going to call emergency services to come check on you. This could be serious.
Person: Okay... I don't feel right.
AI: I'm calling them now. Just stay where you are and try to remain calm. Help will be there soon.",AI: Calling emergency services due to confusion and disorientation.,6
"Elderly person detected falling, no movement detected for 10 seconds.","AI: Hello? I noticed a fall. Are you able to respond?
Person: Yes... I'm here. I fell.
AI: I'm glad you can respond. Are you able to move at all?
Person: I tried but my hip... there's terrible pain when I move.
AI: I understand that must be frightening. Can you tell me if you hit your head?
Person: No, I don't think so. Just my hip.
AI: Thank you for that information. Given the hip pain preventing movement, I'm going to call emergency services for you now. Try to stay calm and still.
Person: Yes, please call. I can't get up.
AI: Help is on the way. I'll stay connected with you until they arrive.",AI: Calling emergency services now.,6
Person seen attempting to get up but struggling.,"AI: Hello there, I noticed you fell. Are you okay?
Person: I... yes, I slipped. Trying to get back up.
AI: I see you're having some difficulty. Are you experiencing any pain?
Person: My wrist hurts pretty bad. I think I landed on it.
AI: I understand. Is the pain severe enough that you think it might be broken?
Person: It's swelling up quickly and I can't move it without terrible pain.
AI: That sounds concerning. Based on the swelling and pain level, I think we should have someone take a look. Would you like me to call emergency services?
Person: Yes, I think that would be best. I can't drive like this.
AI: I'll call for help right away. Try not to move your wrist, and stay where you are comfortable.",AI: Calling emergency services now.,6
Person appears unconscious.,"AI: Hello? Can you hear me? Are you okay?
Person: [No response]
AI: I'm detecting that you may have fallen. If you can hear me, please respond.
Person: [Faint groaning]
AI: I hear you're in distress. I'm calling emergency services immediately. Help will be on the way soon.
Person: [Unintelligible mumbling]
AI: Stay with me. I've called for help and they're coming. Try not to move if you can hear me.",AI: Emergency services called immediately due to unresponsiveness.,6
Person fell but responds normally.,"AI: Hello, I noticed you fell. Are you alright?
Person: Oh! Yes, I just lost my balance reaching for that book on the top shelf.
AI: I'm glad you're responding well. Are you experiencing any pain or dizziness?
Person: No pain really. Just a bit embarrassed I suppose!
AI: No need for embarrassment! These things happen. Can you move around normally?
Person: Yes, I'm up and walking just fine. See? No problems.
AI: That's excellent. Since you're moving well and not experiencing pain or dizziness, it seems you're okay. Would you like me to check in with you again in a little while?
Person: No need, I'm perfectly fine. Thanks for checking though!
AI: You're welcome! Just take it a bit slower with those high shelves next time.",AI: No emergency detected. Person is safe.,6
Person is disoriented after falling.,"AI: Hello? I noticed you fell. Are you okay?
Person: What? I... where am I?
AI: You're at home. It looks like you might have fallen. Can you tell me your name?
Person: I'm... Margaret. My head hurts.
AI: Margaret, thank you. I'm concerned about your confusion. Did you hit your head when you fell?
Person: I think so... the room is spinning a bit.
AI: That sounds like you might have a concussion. I'm going to call emergency services right away. Try to stay still and don't get up, okay?
Person: Okay... I feel strange.
AI: Help is on the way, Margaret. Stay with me and try to stay awake until they arrive.",AI: Calling emergency services due to head injury and disorientation.,7
Person sat down suddenly but was detected as a fall.,"AI: Hello, I detected a possible fall. Are you okay?
Person: Fall? No, I just sat down quickly! My show was starting.
AI: Oh, I see! Sorry for the confusion. Just to be sure, you intentionally sat down and you're feeling fine?
Person: Absolutely! Just eager to catch my program. These sensors are a bit too sensitive sometimes.
AI: They can be, but better safe than sorry! Enjoy your show then. Is there anything else you need?
Person: No thanks, I'm perfectly comfortable. Thanks for checking though.
AI: You're welcome! Enjoy your program, and don't hesitate if you need anything.",AI: False alarm confirmed. No emergency.,6
"Elderly person fell in bathroom, reporting chest pain.","AI: Hello? I detected a fall. Are you able to respond?
Person: Yes... I slipped in the bathroom.
AI: I'm sorry to hear that. Are you experiencing any pain?
Person: My chest... it's tight. Started before I fell.
AI: That's concerning. Was the chest pain what caused you to fall?
Person: I think so... feeling short of breath too.
AI: This sounds like a potential cardiac event. I'm calling emergency services immediately. Try to remain as still and calm as possible.
Person: Please hurry...
AI: They're on their way. Stay with me and try to take slow, shallow breaths if you can.",AI: Calling emergency services immediately for possible cardiac event.,7
Person fell from standing position but is laughing.,"AI: Hello, I noticed you fell. Are you alright?
Person: [Laughing] Oh my goodness, I'm fine! Just took a silly tumble trying to dance to this commercial!
AI: I'm glad you can laugh about it! Just to make sure, did you hit anything on the way down?
Person: No, no. Just my pride! I'm getting too old for these dance moves.
AI: Age is just a number when it comes to dancing! Are you able to get up okay?
Person: Already up and at 'em! No harm done. Thanks for checking though.
AI: That's great to hear! Maybe stick to the slower songs next time?
Person: [Laughing] No promises! These commercials are just too catchy.
AI: Fair enough! Glad you're okay. Enjoy the rest of your show!",AI: No emergency detected. Person is in good spirits and uninjured.,6
Person fell and is experiencing severe leg pain with visible deformity.,"AI: Hello? I detected a fall. Are you able to respond?
Person: Yes... oh my god, my leg!
AI: I can hear you're in distress. Can you tell me what's happening with your leg?
Person: It's twisted... it looks wrong. I can see it's bent where it shouldn't be!
AI: That sounds like a possible fracture. I'm going to call emergency services right away. Try not to move your leg at all.
Person: It hurts so much... please hurry.
AI: I'm calling now. Help will be there soon. Try to stay as still as possible and focus on your breathing.",AI: Calling emergency services immediately for suspected fracture.,7
Person slid from wheelchair but is not injured.,"AI: Hello, I noticed a fall. Are you okay?
Person: I didn't exactly fall. My wheelchair slid and I ended up on the floor.
AI: I understand. Are you experiencing any pain or discomfort?
Person: No pain, I'm just stuck down here. Can't get back into my chair.
AI: That's a difficult situation. Is there someone nearby who could help you back into your wheelchair?
Person: My son is coming over in about 15 minutes anyway.
AI: Are you comfortable waiting for him, or would you prefer I call someone to help sooner?
Person: I'm fine waiting. I'm not hurt, just a bit embarrassed.
AI: There's no need for embarrassment. These things happen. Are you in a comfortable position while you wait?
Person: Yes, I'm leaning against the wall. I'll be fine until he gets here.
AI: Alright. I'll check in with you again in a few minutes. Let me know if anything changes.",AI: No emergency detected. Person will receive assistance soon.,6
"Elderly person detected falling, no movement detected for 10 seconds.","AI: Hello there, I noticed a fall. Are you able to respond?
Person: Yes... I'm here. I can't move well.
AI: I'm glad you can respond. Can you tell me if you're experiencing any pain?
Person: My hip... it really hurts. I can't get up.
AI: I understand. Are you able to move your legs at all?
Person: No, my left leg won't move and the pain is terrible.
AI: I'm going to call emergency services right away. This sounds serious. Try to stay still and I'll stay with you until help arrives.
Person: Please hurry, I'm scared.",AI: Calling emergency services now.,6
Person seen attempting to get up but struggling.,"AI: Hi there, I noticed you fell and might be having trouble getting up. Are you okay?
Person: I slipped on the rug. My wrist hurts a bit but I think I'm alright.
AI: I'm sorry about your wrist. Can you move it, or is there any swelling?
Person: It moves but hurts when I bend it. There's some swelling starting.
AI: That could be a sprain or possibly a fracture. Are you able to stand up safely?
Person: Yes, I'm up now but feeling a bit dizzy.
AI: The dizziness concerns me. Have you hit your head when you fell?
Person: No, I don't think so. The dizziness was why I fell, actually.
AI: I see. Given the wrist injury and the dizziness that preceded your fall, I recommend calling medical help to have you checked out properly.",AI: Calling non-emergency medical services.,6
Person appears unconscious.,"AI: Hello? Can you hear me? I've detected a fall.
Person: [No response]
AI: If you can hear me, please try to respond. I'm concerned about your condition.
Person: [Faint groaning]
AI: I hear you're making sounds but not speaking. I'm calling emergency services immediately. Help is on the way. If you can hear me, try to remain still.",AI: Calling emergency services now.,6
Person fell but responds normally.,"AI: Hello there, I noticed you took a tumble. Are you alright?
Person: Oh goodness, yes I'm fine! Just lost my balance reaching for that book.
AI: I'm glad to hear that. Any pain or discomfort I should know about?
Person: Not really. My pride is hurt more than anything else!
AI: That happens to the best of us! Just to be sure, you're able to move normally?
Person: Yes, completely fine. Already back on my feet as you can see.
AI: Wonderful! No need for any emergency services then. Maybe consider keeping frequently used items at waist level to avoid stretching too much.
Person: That's good advice. Thank you for checking on me!",AI: No emergency services needed.,6
Person is disoriented after falling.,"AI: Hello? I noticed you fell. Are you okay?
Person: What? Who's talking? Where...
AI: I'm your home assistance system. You seem to have fallen. Can you tell me your name?
Person: I'm... Martha. I don't... what time is it?
AI: Martha, it's 3:30 in the afternoon. You seem disoriented. Did you hit your head?
Person: Maybe? Everything's fuzzy. My head hurts.
AI: Based on your disorientation and head pain, I'm calling emergency services right away. Try to stay still and don't get up, Martha. Help will be here soon.
Person: Okay... thank you.",AI: Calling emergency services now.,6
Person sat down suddenly but was detected as a fall.,"AI: Hello, I detected a possible fall. Are you alright?
Person: Fall? No, I just sat down quickly on the sofa!
AI: I see! Sorry for the confusion. So you're completely fine then?
Person: Yes, absolutely fine. Just watching my show and sat down when it started.
AI: That's a relief! Sorry for the interruption. Enjoy your program!
Person: No problem. Better safe than sorry!",AI: No emergency services needed. False alarm confirmed.,6
"Elderly person fell in bathroom, responding but in pain.","AI: Hello? I detected a fall in the bathroom. Are you able to respond?
Person: Yes... I slipped getting out of the shower. My back hurts.
AI: I'm sorry to hear that. Are you able to move at all?
Person: I can move my arms and legs, but my back really hurts when I try to get up.
AI: I understand. Are you bleeding or do you have any other injuries?
Person: No bleeding, just the back pain. I'm also cold, lying here wet.
AI: This sounds concerning, especially with back pain preventing you from getting up. I'm going to call emergency services to help you. In the meantime, try not to move too much.
Person: Okay, thank you.",AI: Calling emergency services now.,6
Person tripped over pet but caught themselves.,"AI: Hello, I noticed a sudden movement. Did you fall?
Person: No, I almost did! The cat ran right under my feet, but I caught myself on the counter.
AI: Oh, those sneaky pets! Are you feeling steady now?
Person: Yes, I'm fine. Just a bit startled.
AI: That's good to hear. No twisted ankles or anything?
Person: Nope, all good. Thanks for checking though!
AI: Anytime! Maybe we should put a bell on that cat, huh?
Person: Haha, not a bad idea actually!",AI: No emergency services needed.,6
Person fell and is experiencing chest pain.,"AI: Hello? I noticed you fell. Are you okay?
Person: I feel... chest hurts... can't breathe well.
AI: I'm very concerned about your chest pain and trouble breathing. Did the chest pain start before or after you fell?
Person: Before... then I got dizzy and fell.
AI: This sounds like a potential cardiac issue. I'm calling emergency services immediately. Try to remain as still and calm as possible. Help is on the way.
Person: Please hurry...",AI: Calling emergency services now. Priority cardiac situation.,7
Person fell from standing position while gardening.,"AI: Hello there, I noticed you fell while in the garden. Are you alright?
Person: Yes, I just lost my balance when I was kneeling down to pull some weeds.
AI: I'm glad to hear you're responsive. Any pain or injuries I should know about?
Person: My knee scraped on the garden stones, but it's just a minor cut.
AI: I see. Are you able to stand up on your own?
Person: Yes, I'm already back up. Just need to clean this scrape.
AI: That's good news. Do you feel dizzy or lightheaded at all?
Person: No, I feel fine. Just wasn't paying attention to my balance.
AI: Sounds like you're okay then. Remember to clean that scrape properly to prevent infection.
Person: Will do! Thanks for checking in.",AI: No emergency services needed.,6
"Elderly person detected falling, no movement detected for 10 seconds.","AI: Hello? I noticed you may have fallen. Are you able to respond?
Person: Yes... I'm here... Oh my goodness.
AI: I'm glad you can respond. Are you able to move at all?
Person: I tried to get up but I can't. My hip feels wrong... it really hurts.
AI: I understand that must be very painful. Can you tell me if you hit your head during the fall?
Person: No, I don't think so. Just my hip.
AI: Thank you for letting me know. Based on your inability to get up and the hip pain, I think we should call emergency services to help you. Is that alright?
Person: Yes, please. I think I need help.
AI: I'm calling emergency services right now. Stay as comfortable as possible. Help will be on the way soon.",AI: Calling emergency services now.,6
Person seen attempting to get up but struggling.,"AI: Hello there, I noticed you might have fallen. Are you okay?
Person: I slipped... trying to get up but my knee is giving me trouble.
AI: I see you're having difficulty. Are you experiencing any severe pain?
Person: It's sore but not terrible. I just can't seem to get enough leverage to stand.
AI: Understood. Have you injured this knee before, or is this new?
Person: It's my bad knee. I have arthritis. Sometimes it locks up.
AI: I see. Do you think you can get to a chair or sofa if I stay on the line with you?
Person: Let me try... yes, I can scoot over to the sofa. Just give me a minute.
AI: Take your time. I'll stay with you... How are you doing now?
Person: Made it to the sofa. I'm sitting now. That's better.
AI: Excellent. Do you think you need medical attention, or is this similar to previous episodes with your knee?
Person: No, this happens sometimes. Once I rest it a bit, I'll be fine. My daughter is coming over later anyway.
AI: I'm glad to hear you're feeling better. Since this is a known issue and you have support coming, we don't need to call emergency services. Would you like me to check in on you later?",AI: No emergency services needed.,6
Person appears unconscious after falling down stairs.,"AI: Hello? I've detected a fall. Are you able to respond?
Person: [No response]
AI: If you can hear me, please say something or make a noise.
Person: [Faint groaning]
AI: I hear you. Are you able to speak? Are you in pain?
Person: [Incoherent mumbling]
AI: I'm concerned about your condition. I'll be calling emergency services right away. Please stay still if possible. Help is on the way.",AI: Calling emergency services immediately.,6
Person fell but responds normally.,"AI: Hello there, I noticed you may have fallen. Are you alright?
Person: Oh goodness, yes, I just tripped over that darned rug again.
AI: I'm glad you're responsive. Are you experiencing any pain or discomfort?
Person: Just my pride that's hurt! No, I'm fine really.
AI: That's good to hear. Can you move around normally? Any dizziness?
Person: No dizziness. I can get up just fine. See? I'm standing now.
AI: Excellent! And you're sure you didn't hit your head or injure yourself?
Person: Positive. I just need to be more careful with that rug. Maybe I should finally get rid of it!
AI: That might not be a bad idea! I'm glad you're okay. No need for emergency services, but do be careful with that rug!",AI: No emergency services needed.,7
Person is disoriented after falling.,"AI: Hello? I noticed you may have fallen. Are you okay?
Person: What? Who's talking?
AI: This is your home assistant. I noticed you fell. Can you tell me if you're hurt?
Person: I'm on the floor... I don't remember how I got here.
AI: That's concerning. Can you tell me what day it is today?
Person: It's... I think it's Tuesday? Or Monday?
AI: Are you feeling any pain anywhere?
Person: My head hurts. I feel dizzy.
AI: Given your disorientation and head pain, I think we should call emergency services to check on you. Is that okay?
Person: Yes... I think so. I don't feel right.
AI: I'm calling emergency services now. Stay where you are. Help will arrive soon.",AI: Calling emergency services now.,6
Person sat down suddenly but was detected as a fall.,"AI: Hello there, I detected a sudden movement. Are you alright?
Person: What? Oh! Yes, I'm fine. I just sat down quickly because my show was starting.
AI: I see! Sorry for the concern. So you just sat down quickly and there was no fall?
Person: That's right. Just plopped down on the sofa to watch my program. False alarm!
AI: Thanks for clarifying. Enjoy your show! No need for any concern then.",AI: No emergency services needed. False alarm confirmed.,6
Elderly person fell in bathroom and is in severe pain.,"AI: Hello? I detected a fall. Are you able to respond?
Person: Help... I fell in the bathroom.
AI: I'm here to help. Are you in pain?
Person: Yes, terrible pain in my back. I can't move.
AI: I understand. Did you hit your head at all?
Person: No, just my back when I slipped.
AI: Are you bleeding anywhere?
Person: No bleeding, but I can't get up at all. The pain is too much.
AI: Given your severe pain and inability to move, I'm going to call emergency services for you right away. Try to stay still and comfortable if possible.
Person: Thank you, please hurry.
AI: I'm calling them now. Stay on the line with me until help arrives.",AI: Calling emergency services immediately.,6
Person slipped but caught themselves on furniture.,"AI: Hello there, I noticed a sudden movement. Are you okay?
Person: Oh! Yes, I just slipped a bit but caught myself on the table. Gave myself a bit of a scare!
AI: I'm glad you caught yourself. Did you strain or hurt anything when you slipped?
Person: No, I don't think so. Just a little startled is all.
AI: That's good to hear. Are you feeling steady on your feet now?
Person: Yes, I'm fine now. These new socks are a bit slippery on the hardwood!
AI: Those slippery socks can be tricky! Since you're feeling fine and didn't hurt yourself, there's no need for emergency services. Maybe consider some grippy slippers instead?
Person: Haha, good idea! I'll be more careful.",AI: No emergency services needed.,7
Person fell and initially responds but then becomes unresponsive.,"AI: Hello? I noticed you may have fallen. Are you alright?
Person: I fell... not feeling good...
AI: Can you tell me where you're hurt?
Person: My chest... feels tight. Hard to breathe...
AI: That sounds serious. Are you having any pain in your left arm or jaw?
Person: Yes... arm hurts too... feeling very...
AI: Hello? Are you still there?
Person: [No response]
AI: If you can hear me, please respond. I'm calling emergency services right now. Help is on the way. Please stay with me if you can hear me.",AI: Calling emergency services immediately.,7
Person fell while exercising but is embarrassed about it.,"AI: Hello there, I detected a fall. Are you okay?
Person: Oh for heaven's sake, yes I'm fine. I was just trying that new exercise video.
AI: I understand. Exercise can sometimes lead to unexpected movements. Are you experiencing any pain?
Person: No, no. Just embarrassed that my attempt at yoga set off the alarm. These old bones aren't as flexible as they used to be!
AI: No need to be embarrassed! Better safe than sorry. Are you able to move normally?
Person: Yes, I'm up and about. Just going to stick to the beginner videos from now on!
AI: That sounds like a wise choice! I'm glad you're not hurt. No need for emergency services, but do be careful with those challenging poses.
Person: Will do. Thanks for checking on me.
AI: Anytime! That's what I'm here for.",AI: No emergency services needed.,6
